{
  "library": "python-ulid",
  "generation": {
    "success": true,
    "ops_per_sec": 266223.0427641833,
    "mean_time": 3.7562488566618414e-06,
    "median_time": 3.688037395477295e-06,
    "min_time": 3.42691782861948e-06,
    "max_time": 0.00028046302031725645,
    "total_iterations": 100000,
    "baseline_memory_mb": 23.58984375,
    "peak_memory_mb": 27.26953125,
    "memory_overhead_mb": 3.6796875
  },
  "parsing": {
    "success": true,
    "ops_per_sec": 222955.65115817863,
    "mean_time": 4.4851969205774364e-06,
    "median_time": 4.427973181009293e-06,
    "min_time": 4.130997695028782e-06,
    "max_time": 0.00021188496612012386,
    "total_iterations": 100000,
    "baseline_memory_mb": 26.859375,
    "peak_memory_mb": 28.14453125,
    "memory_overhead_mb": 1.28515625
  },
  "system_info": {
    "python_version": "3.12.3 (main, Apr 15 2024, 18:25:56) [Clang 17.0.6 ]",
    "available_memory_mb": 4061.5234375,
    "cpu_cores": 8,
    "cpu_percent": 2.8
  }
}