Library,Generation,Parsing,Generation_Relative,Parsing_Relative,Overall_Score
py-ulid,1622025.3979388261,0.0,25.4,0.0,12.7
python-ulid,152631.4306512582,192194.26721671145,2.4,4.0,3.2
ulid-py,706341.6269131379,228048.66117721645,11.0,4.7,7.8
ulid-python,6396712.705054646,4801301.859157047,100.0,100.0,100.0
